Name;Institution;Date;Entry;Exit
Hiram X. Carroll;Elit Inc.;31/10/2019;00:11:28;20:08:22
Nomlanga G. Byrd;Scelerisque Neque Associates;14/08/2019;06:20:13;04:46:49
Kasimir G. Zimmerman;Sollicitudin Orci Ltd;02/04/2019;03:09:53;10:18:02
Cherokee M. Hodge;Augue Eu Tellus Foundation;12/07/2019;22:11:58;06:54:52
Brooke X. Fry;Aenean Institute;29/05/2018;13:04:19;19:56:54
Kelsey U. Adams;Rhoncus Nullam Foundation;29/11/2019;11:14:41;00:14:58
Fitzgerald U. Hale;Donec Est Mauris LLC;15/04/2018;07:37:15;09:52:57
Bryar T. Mooney;Lorem Auctor Quis Company;07/05/2019;02:01:09;06:07:02
Calvin F. Williamson;Vulputate Eu Inc.;17/09/2018;21:41:19;18:10:59
Camille W. Maldonado;Vitae LLP;20/07/2018;04:59:38;09:50:01
Emerson H. Doyle;Lorem Tristique Aliquet Foundation;20/07/2018;14:01:48;07:16:16
Gloria F. Woodward;Rutrum Eu Institute;16/06/2019;17:04:30;18:30:49
Kibo Y. Cash;Venenatis Lacus Incorporated;17/04/2018;10:41:27;12:45:25
Autumn A. Aguilar;Sem Company;08/06/2018;16:37:38;23:11:57
Vance N. Lambert;Libero Est Congue Inc.;26/01/2020;15:01:32;05:41:25
Emi B. Waller;Dui Nec Corporation;29/01/2020;05:12:41;03:00:32
Whilemina X. Garza;Condimentum Corporation;17/04/2018;23:01:08;04:41:43
Kennedy N. Harvey;Cras Industries;30/01/2020;23:38:19;17:22:09
Maxwell S. Steele;Semper LLP;02/06/2018;10:05:01;12:23:28
Anne M. Brennan;Donec Nibh Corp.;03/10/2019;21:28:12;00:52:44
Carlos C. Ellison;Elementum Lorem Ut Ltd;22/01/2019;23:48:42;05:10:01
Ima Y. Hines;Lorem Foundation;15/03/2019;12:09:56;23:23:21
Colorado L. Carney;Iaculis PC;23/08/2019;18:11:29;19:39:06
Quintessa O. Mcfarland;Ultrices Company;09/10/2018;07:53:11;23:54:31
Ignacia O. William;Cras Interdum Corp.;19/04/2019;02:42:24;04:20:39
Marsden B. Bailey;Eget Tincidunt Inc.;23/03/2020;09:14:41;03:26:24
Tyrone L. Mcfarland;Sed Molestie Sed Consulting;22/02/2019;01:52:51;11:29:06
Jolene A. Bartlett;Aliquet PC;12/05/2018;14:35:16;12:10:10
Vivien Q. Perkins;Et Ultrices Posuere Incorporated;12/12/2018;04:36:51;11:32:00
Ronan I. Gregory;Elementum Dui Quis PC;04/04/2018;07:05:20;07:15:18
Karyn K. Ross;Sed Dictum LLP;09/02/2019;16:15:26;04:57:07
Kay J. Lucas;Pharetra Felis PC;19/07/2018;21:51:52;02:02:45
Griffin B. Gilliam;A Corporation;05/10/2018;05:23:43;11:52:46
August E. Gould;Non Dui Nec Corporation;19/05/2019;19:02:14;06:02:46
Medge X. Johnson;Odio Aliquam Vulputate Associates;27/09/2018;13:03:27;06:45:28
Shannon A. Colon;Egestas Corporation;21/06/2019;18:13:53;01:43:28
Baxter I. Stewart;Neque Nullam Incorporated;17/05/2018;04:06:53;08:06:56
Megan H. Schroeder;Id Ante Nunc Incorporated;03/04/2019;08:42:38;17:56:31
Tamekah P. Marshall;Tempus Lorem Fringilla PC;20/11/2019;01:30:56;09:18:57
Adele E. Gilbert;Nunc Mauris Corporation;22/09/2018;17:34:47;07:55:56
Elton K. Cantu;A Consulting;10/09/2018;12:26:49;15:33:28
Madeson G. Reese;Eleifend Cras Corporation;21/11/2019;07:00:45;06:54:06
Alana K. Shelton;Ac Turpis Limited;28/08/2019;07:53:01;00:01:01
Barbara T. Trevino;Neque Associates;25/06/2018;14:29:44;13:24:50
Tucker V. Miles;Cras Eu Corporation;02/08/2019;12:32:27;00:54:03
Pearl X. Barrera;Nulla Semper Tellus Incorporated;19/03/2019;11:58:58;04:22:27
Conan E. Odom;Pretium Neque Inc.;11/06/2018;21:54:41;17:27:22
Ciara W. Levy;Risus Nunc Ltd;12/02/2019;06:19:46;22:30:58
Cheyenne N. George;Ac PC;04/02/2020;12:24:15;03:13:02
Fletcher D. Jenkins;Parturient Montes Nascetur LLP;17/05/2019;16:44:10;00:31:46
Alana G. Perkins;Donec Est LLC;28/09/2019;13:03:15;13:26:01
Nichole K. Frederick;Enim Mauris Associates;03/05/2019;15:44:43;17:36:26
Ursula C. Riddle;Vel Incorporated;06/12/2019;15:15:08;03:13:01
Leslie O. Pacheco;Quam Corporation;13/01/2019;23:19:12;13:46:27
Laura J. Pratt;Nunc Quis Arcu Ltd;10/06/2018;16:07:24;13:21:42
Holmes A. Mcdonald;Quisque Fringilla Industries;02/11/2018;06:33:12;07:05:54
Brennan W. Copeland;Tellus Aenean Egestas Associates;26/08/2018;22:01:08;18:17:55
Harrison R. Sparks;Pede Nec Incorporated;07/12/2018;02:48:22;18:03:22
Rina K. Cline;Dapibus LLC;22/02/2020;22:59:41;04:46:43
Burke W. Pruitt;Aliquam Incorporated;29/08/2018;22:26:48;07:23:11
Marsden C. Burnett;Vestibulum Nec Foundation;16/07/2018;17:44:15;04:59:55
Montana F. Whitney;Luctus Ut Industries;05/08/2019;05:26:28;04:33:56
Amanda Q. Dickerson;Amet Massa Inc.;26/12/2019;21:27:02;16:06:51
Alma L. Moreno;Felis PC;16/12/2018;20:45:37;05:38:06
Kirby R. Mason;Mi Ac LLP;06/07/2018;11:38:29;08:37:48
Aurelia D. Kline;Egestas LLP;13/03/2020;05:49:31;13:30:34
Geoffrey E. Moss;At LLC;10/06/2019;17:12:00;02:22:49
Kay W. Bradley;Consectetuer Mauris Id Inc.;31/07/2019;04:42:05;05:01:53
Hoyt D. Mcpherson;Cras Convallis LLC;13/12/2019;18:44:09;04:47:25
Kasper P. Bender;Feugiat Sed Limited;03/08/2019;05:48:22;08:37:49
Bruno R. Pope;Lobortis Augue Company;29/10/2018;20:15:16;01:01:28
Holmes N. Fernandez;Ridiculus Mus Aenean Company;03/10/2019;02:30:48;07:37:04
Sigourney J. Odonnell;Auctor LLC;18/04/2019;20:56:11;10:18:53
Mark K. Cruz;Elit Sed Company;28/05/2018;11:31:09;04:17:51
McKenzie N. Fuller;Pede Malesuada Vel Corporation;16/12/2018;06:14:06;12:00:21
Echo R. Singleton;Convallis PC;03/03/2020;12:58:36;17:33:42
Uriah B. Duncan;Lacus Vestibulum Lorem LLP;26/11/2019;07:11:35;01:18:15
Anne T. Dodson;Ligula Consulting;29/04/2019;19:54:06;03:08:37
Rashad L. Rich;Velit Consulting;08/08/2018;23:26:59;10:49:14
Aquila P. Dale;Orci Lacus Vestibulum Consulting;21/01/2019;06:16:03;01:58:40
Baker M. Sutton;Laoreet Industries;06/07/2018;23:42:06;19:23:27
Winter C. Short;Est Tempor LLP;23/03/2019;08:32:36;05:11:41
Jasper Z. Mathis;At Velit Corp.;25/10/2018;20:24:32;01:21:35
Alfreda A. Howell;Nisl Arcu Associates;25/12/2019;21:08:53;09:48:23
Keely K. Le;Vitae Posuere At LLP;08/09/2019;00:02:06;17:08:45
Danielle B. Hartman;Proin Non LLC;12/02/2019;03:21:06;19:32:52
Marsden W. Peterson;Ridiculus Incorporated;01/07/2019;17:18:05;20:38:38
Lunea A. Thompson;Sapien Ltd;30/03/2020;08:01:40;12:09:30
Regina E. Whitaker;Rhoncus LLC;27/12/2018;16:55:58;22:18:54
Giselle I. Mccray;Pellentesque Tincidunt Tempus Foundation;01/02/2019;16:32:31;18:30:23
Adam F. Davidson;Aliquet Associates;20/10/2019;08:59:40;00:57:45
Sybill L. Anthony;Est Ac PC;13/03/2020;19:40:39;13:07:01
Austin B. Farrell;Neque Sed Dictum Associates;21/08/2018;01:47:21;01:53:33
Josiah L. Silva;At LLC;06/05/2018;17:06:57;01:27:07
Risa C. Nichols;Porta Corp.;21/05/2019;11:27:37;04:50:08
Chase G. Huffman;Lectus Cum Sociis Associates;05/02/2019;23:09:10;16:26:35
Kasper N. Middleton;Nisi Ltd;02/09/2019;10:16:35;00:51:29
Hedwig Y. Randolph;Sit Consulting;21/09/2019;23:58:09;13:27:19
Indigo N. Fox;Congue In Scelerisque Institute;07/05/2018;05:52:24;19:36:35
Jared U. Vance;Sit Amet Nulla Incorporated;27/08/2019;13:05:06;13:11:27
